[null,{"name":"Join","temp":"user","event-type":"6","_id":"JAQqW","actions":[{"info":"0","find":"543109836410191907","storage":"1","varName":"kanal","name":"Find Channel"},{"server":"0","varName":"","info":"17","storage":"1","varName2":"ktory","name":"Store Server Things"},{"member":"2","varName":"user","info":"16","storage":"1","varName2":"avatar_URL","name":"Store Member Info"},{"title":"","author":"","color":"#5200ff","timestamp":"true","url":"","authorIcon":"","imageUrl":"","thumbUrl":"${tempVars(\"avatar_URL\")}","storage":"1","varName":"embed","name":"Create Embed Message"},{"storage":"1","varName":"embed","fieldName":"**Witaj!**","message":"**${tempVars(\"user\")}** **Jesteś naszym** **${tempVars(\"ktory\")}** **użytkownikiem na serwerze!**","inline":"1","name":"Add Embed Field"},{"storage":"1","varName":"embed","message":"💬","footerIcon":"","name":"Set Embed Footer"},{"storage":"1","varName":"embed","channel":"5","varName2":"kanal","name":"Send Embed Message"}]},{"name":"Left","temp":"user","event-type":"6","_id":"PtqPu","actions":[{"info":"0","find":"551128425557917713","storage":"1","varName":"user","name":"Find Channel"},{"server":"0","varName":"","info":"17","storage":"1","varName2":"ile","name":"Store Server Things"},{"member":"2","varName":"user","info":"16","storage":"1","varName2":"avatar_URL","name":"Store Member Info"},{"title":"","author":"","color":"#5200ff","timestamp":"true","url":"","authorIcon":"","imageUrl":"","thumbUrl":"${tempVars(\"avatar_URL\")}","storage":"1","varName":"embed","name":"Create Embed Message"},{"storage":"1","varName":"embed","fieldName":"**Witaj!**","message":"**${tempVars(\"user\")}** **Wyszedł z naszego serwera, jest nas** **${tempVars(\"ile\")}** ****","inline":"1","name":"Add Embed Field"},{"storage":"1","varName":"embed","message":"💬","footerIcon":"","name":"Set Embed Footer"},{"storage":"1","varName":"embed","channel":"5","varName2":"kanal","name":"Send Embed Message"}]}]